Workbook

Sheet Dataset
A1: Customer_ID | B1: Customer_Name | C1: Region | D1: Product_Category | E1: Sales | F1: Quantity | G1: Discount | H1: Order_Date | I1: Profit
A2: CUST019 | B2: James Davis | C2: West | D2: Books | E2: 1036.09 | F2: 4 | G2: 0.2 | H2: 45392 | I2: 331.55
A3: CUST012 | B3: Robert Anderson | C3: West | D3: Clothing | E3: 1101.28 | F3: 3 | G3: 0.2 | H3: 45393 | I3: 440.51
A4: CUST017 | B4: James Taylor | C4: East | D4: Books | E4: 713.34 | F4: 17 | G4: 0 | H4: 45396 | I4: 285.34
A5: CUST005 | B5: Robert Anderson | C5: South | D5: Electronics | E5: 760.93 | F5: 4 | G5: 0.15 | H5: 45396 | I5: 161.7
A6: CUST030 | B6: James Wilson | C6: North | D6: Books | E6: 847 | F6: 12 | G6: 0.2 | H6: 45397 | I6: 271.04
A7: CUST007 | B7: Michael Anderson | C7: North | D7: Furniture | E7: 965.64 | F7: 8 | G7: 0.1 | H7: 45398 | I7: 304.18
A8: CUST001 | B8: Linda Wilson | C8: West | D8: Electronics | E8: 1317.53 | F8: 12 | G8: 0.05 | H8: 45398 | I8: 312.91
A9: CUST026 | B9: Mary Davis | C9: East | D9: Furniture | E9: 1074.47 | F9: 6 | G9: 0.2 | H9: 45401 | I9: 300.85
A10: CUST009 | B10: Linda Jackson | C10: Central | D10: Books | E10: 501.54 | F10: 11 | G10: 0.05 | H10: 45401 | I10: 190.59
A11: CUST010 | B11: David Thomas | C11: Central | D11: Clothing | E11: 737.31 | F11: 2 | G11: 0.05 | H11: 45401 | I11: 350.22
A12: CUST014 | B12: Emma Davis | C12: West | D12: Office Supplies | E12: 1572.82 | F12: 6 | G12: 0.05 | H12: 45402 | I12: 672.38
A13: CUST014 | B13: David Thomas | C13: Central | D13: Books | E13: 1343.13 | F13: 14 | G13: 0.15 | H13: 45404 | I13: 456.66
... A201: CUST016 | B201: David Thomas | C201: South | D201: Clothing | E201: 928.32 | F201: 2 | G201: 0.05 | H201: 45754 | I201: 440.95

Sheet Dataset_Clean
A1: Customer_ID | B1: Customer_Name | C1: Region | D1: Product_Category | E1: Sales | F1: Quantity | G1: Discount | H1: Order_Date | I1: Profit
A2: CUST019 | B2: James Davis | C2: West | D2: Books | E2: 1036.09 | F2: 4 | G2: 0.2 | H2: 45392 | I2: 331.55
A3: CUST012 | B3: Robert Anderson | C3: West | D3: Clothing | E3: 1101.28 | F3: 3 | G3: 0.2 | H3: 45393 | I3: 440.51
A4: CUST017 | B4: James Taylor | C4: East | D4: Books | E4: 713.34 | F4: 17 | G4: 0 | H4: 45396 | I4: 285.34
A5: CUST005 | B5: Robert Anderson | C5: South | D5: Electronics | E5: 760.93 | F5: 4 | G5: 0.15 | H5: 45396 | I5: 161.7
A6: CUST030 | B6: James Wilson | C6: North | D6: Books | E6: 847 | F6: 12 | G6: 0.2 | H6: 45397 | I6: 271.04
A7: CUST007 | B7: Michael Anderson | C7: North | D7: Furniture | E7: 965.64 | F7: 8 | G7: 0.1 | H7: 45398 | I7: 304.18
A8: CUST001 | B8: Linda Wilson | C8: West | D8: Electronics | E8: 1317.53 | F8: 12 | G8: 0.05 | H8: 45398 | I8: 312.91
A9: CUST026 | B9: Mary Davis | C9: East | D9: Furniture | E9: 1074.47 | F9: 6 | G9: 0.2 | H9: 45401 | I9: 300.85
A10: CUST009 | B10: Linda Jackson | C10: Central | D10: Books | E10: 501.54 | F10: 11 | G10: 0.05 | H10: 45401 | I10: 190.59
A11: CUST010 | B11: David Thomas | C11: Central | D11: Clothing | E11: 737.31 | F11: 2 | G11: 0.05 | H11: 45401 | I11: 350.22
A12: CUST014 | B12: Emma Davis | C12: West | D12: Office Supplies | E12: 1572.82 | F12: 6 | G12: 0.05 | H12: 45402 | I12: 672.38
A13: CUST014 | B13: David Thomas | C13: Central | D13: Books | E13: 1343.13 | F13: 14 | G13: 0.15 | H13: 45404 | I13: 456.66
... A201: CUST016 | B201: David Thomas | C201: South | D201: Clothing | E201: 928.32 | F201: 2 | G201: 0.05 | H201: 45754 | I201: 440.95

Sheet Customer Analysis
A1: 👥 CUSTOMER SALES ANALYSIS
A4: Customer_ID | B4: Total Sales | C4: Total Quantity | D4: Total Profit | E4: Total Orders | F4: Rank | H4: Top 10 Customers (Highlighted in Green)
A5: {=_xlfn.UNIQUE(Dataset_Clean!A2:A201)} -> CUST019 | B5: =SUMIF(Dataset_Clean!$A$2:$A$201,A5,Dataset_Clean!$E$2:$E$201) -> 4640.11 | C5: =SUMIF(Dataset_Clean!$A$2:$A$201,A5,Dataset_Clean!$F$2:$F$201) -> 43 | D5: =SUMIF(Dataset_Clean!$A$2:$A$201,A5,Dataset_Clean!$I$2:$I$201) -> 1721.12 | E5: =COUNTIF(Dataset_Clean!$A$2:$A$201,A5) -> 5 | F5: =_xlfn.RANK.EQ(B5,$B$5:$B$34,0) -> 21
A6: CUST012 | B6: =SUMIF(Dataset_Clean!$A$2:$A$201,A6,Dataset_Clean!$E$2:$E$201) -> 8339 | C6: =SUMIF(Dataset_Clean!$A$2:$A$201,A6,Dataset_Clean!$F$2:$F$201) -> 86 | D6: =SUMIF(Dataset_Clean!$A$2:$A$201,A6,Dataset_Clean!$I$2:$I$201) -> 2988.71 | E6: =COUNTIF(Dataset_Clean!$A$2:$A$201,A6) -> 9 | F6: =_xlfn.RANK.EQ(B6,$B$5:$B$34,0) -> 8
A7: CUST017 | B7: =SUMIF(Dataset_Clean!$A$2:$A$201,A7,Dataset_Clean!$E$2:$E$201) -> 3419.2 | C7: =SUMIF(Dataset_Clean!$A$2:$A$201,A7,Dataset_Clean!$F$2:$F$201) -> 37 | D7: =SUMIF(Dataset_Clean!$A$2:$A$201,A7,Dataset_Clean!$I$2:$I$201) -> 1257.21 | E7: =COUNTIF(Dataset_Clean!$A$2:$A$201,A7) -> 4 | F7: =_xlfn.RANK.EQ(B7,$B$5:$B$34,0) -> 28
A8: CUST005 | B8: =SUMIF(Dataset_Clean!$A$2:$A$201,A8,Dataset_Clean!$E$2:$E$201) -> 6666.13 | C8: =SUMIF(Dataset_Clean!$A$2:$A$201,A8,Dataset_Clean!$F$2:$F$201) -> 53 | D8: =SUMIF(Dataset_Clean!$A$2:$A$201,A8,Dataset_Clean!$I$2:$I$201) -> 1982.39 | E8: =COUNTIF(Dataset_Clean!$A$2:$A$201,A8) -> 6 | F8: =_xlfn.RANK.EQ(B8,$B$5:$B$34,0) -> 14
A9: CUST030 | B9: =SUMIF(Dataset_Clean!$A$2:$A$201,A9,Dataset_Clean!$E$2:$E$201) -> 7928.71 | C9: =SUMIF(Dataset_Clean!$A$2:$A$201,A9,Dataset_Clean!$F$2:$F$201) -> 93 | D9: =SUMIF(Dataset_Clean!$A$2:$A$201,A9,Dataset_Clean!$I$2:$I$201) -> 2965.48 | E9: =COUNTIF(Dataset_Clean!$A$2:$A$201,A9) -> 9 | F9: =_xlfn.RANK.EQ(B9,$B$5:$B$34,0) -> 9
A10: CUST007 | B10: =SUMIF(Dataset_Clean!$A$2:$A$201,A10,Dataset_Clean!$E$2:$E$201) -> 9941.88 | C10: =SUMIF(Dataset_Clean!$A$2:$A$201,A10,Dataset_Clean!$F$2:$F$201) -> 94 | D10: =SUMIF(Dataset_Clean!$A$2:$A$201,A10,Dataset_Clean!$I$2:$I$201) -> 3936.26 | E10: =COUNTIF(Dataset_Clean!$A$2:$A$201,A10) -> 10 | F10: =_xlfn.RANK.EQ(B10,$B$5:$B$34,0) -> 3
A11: CUST001 | B11: =SUMIF(Dataset_Clean!$A$2:$A$201,A11,Dataset_Clean!$E$2:$E$201) -> 6549.55 | C11: =SUMIF(Dataset_Clean!$A$2:$A$201,A11,Dataset_Clean!$F$2:$F$201) -> 72 | D11: =SUMIF(Dataset_Clean!$A$2:$A$201,A11,Dataset_Clean!$I$2:$I$201) -> 1868.77 | E11: =COUNTIF(Dataset_Clean!$A$2:$A$201,A11) -> 7 | F11: =_xlfn.RANK.EQ(B11,$B$5:$B$34,0) -> 15
A12: CUST026 | B12: =SUMIF(Dataset_Clean!$A$2:$A$201,A12,Dataset_Clean!$E$2:$E$201) -> 9371.81 | C12: =SUMIF(Dataset_Clean!$A$2:$A$201,A12,Dataset_Clean!$F$2:$F$201) -> 75 | D12: =SUMIF(Dataset_Clean!$A$2:$A$201,A12,Dataset_Clean!$I$2:$I$201) -> 2922.02 | E12: =COUNTIF(Dataset_Clean!$A$2:$A$201,A12) -> 9 | F12: =_xlfn.RANK.EQ(B12,$B$5:$B$34,0) -> 5
A13: CUST009 | B13: =SUMIF(Dataset_Clean!$A$2:$A$201,A13,Dataset_Clean!$E$2:$E$201) -> 6505.2 | C13: =SUMIF(Dataset_Clean!$A$2:$A$201,A13,Dataset_Clean!$F$2:$F$201) -> 59 | D13: =SUMIF(Dataset_Clean!$A$2:$A$201,A13,Dataset_Clean!$I$2:$I$201) -> 2052.54 | E13: =COUNTIF(Dataset_Clean!$A$2:$A$201,A13) -> 7 | F13: =_xlfn.RANK.EQ(B13,$B$5:$B$34,0) -> 16
A14: CUST010 | B14: =SUMIF(Dataset_Clean!$A$2:$A$201,A14,Dataset_Clean!$E$2:$E$201) -> 4259.22 | C14: =SUMIF(Dataset_Clean!$A$2:$A$201,A14,Dataset_Clean!$F$2:$F$201) -> 55 | D14: =SUMIF(Dataset_Clean!$A$2:$A$201,A14,Dataset_Clean!$I$2:$I$201) -> 1529.32 | E14: =COUNTIF(Dataset_Clean!$A$2:$A$201,A14) -> 5 | F14: =_xlfn.RANK.EQ(B14,$B$5:$B$34,0) -> 24
A15: CUST014 | B15: =SUMIF(Dataset_Clean!$A$2:$A$201,A15,Dataset_Clean!$E$2:$E$201) -> 6729.89 | C15: =SUMIF(Dataset_Clean!$A$2:$A$201,A15,Dataset_Clean!$F$2:$F$201) -> 62 | D15: =SUMIF(Dataset_Clean!$A$2:$A$201,A15,Dataset_Clean!$I$2:$I$201) -> 2507.18 | E15: =COUNTIF(Dataset_Clean!$A$2:$A$201,A15) -> 6 | F15: =_xlfn.RANK.EQ(B15,$B$5:$B$34,0) -> 12
A16: CUST023 | B16: =SUMIF(Dataset_Clean!$A$2:$A$201,A16,Dataset_Clean!$E$2:$E$201) -> 5913.68 | C16: =SUMIF(Dataset_Clean!$A$2:$A$201,A16,Dataset_Clean!$F$2:$F$201) -> 51 | D16: =SUMIF(Dataset_Clean!$A$2:$A$201,A16,Dataset_Clean!$I$2:$I$201) -> 2198.62 | E16: =COUNTIF(Dataset_Clean!$A$2:$A$201,A16) -> 7 | F16: =_xlfn.RANK.EQ(B16,$B$5:$B$34,0) -> 18
A17: CUST029 | B17: =SUMIF(Dataset_Clean!$A$2:$A$201,A17,Dataset_Clean!$E$2:$E$201) -> 5779.05 | C17: =SUMIF(Dataset_Clean!$A$2:$A$201,A17,Dataset_Clean!$F$2:$F$201) -> 49 | D17: =SUMIF(Dataset_Clean!$A$2:$A$201,A17,Dataset_Clean!$I$2:$I$201) -> 1611.66 | E17: =COUNTIF(Dataset_Clean!$A$2:$A$201,A17) -> 7 | F17: =_xlfn.RANK.EQ(B17,$B$5:$B$34,0) -> 19
... A34: CUST018 | B34: =SUMIF(Dataset_Clean!$A$2:$A$201,A34,Dataset_Clean!$E$2:$E$201) -> 4951.89 | C34: =SUMIF(Dataset_Clean!$A$2:$A$201,A34,Dataset_Clean!$F$2:$F$201) -> 46 | D34: =SUMIF(Dataset_Clean!$A$2:$A$201,A34,Dataset_Clean!$I$2:$I$201) -> 1821.64 | E34: =COUNTIF(Dataset_Clean!$A$2:$A$201,A34) -> 5 | F34: =_xlfn.RANK.EQ(B34,$B$5:$B$34,0) -> 20

Sheet What-IF Analysis
A1: 🎯 WHAT-IF ANALYSIS
A4: Particular | B4: Current Value | C4: Change % | D4: What-If Value
A5: Total Sales | B5: =SUM(Dataset_Clean!E2:E201) -> 195217.76 | C5: 0.1 | D5: =B5*(1+C5) -> 214739.54
A6: Total Quantity | B6: =SUM(Dataset_Clean!F2:F201) -> 1999 | C6: 0.1 | D6: =B6*(1+C6) -> 2198.9
A7: Total Profit | B7: =SUM(Dataset_Clean!I2:I201) -> 68287.01 | C7: 0.1 | D7: =B7*(1+C7) -> 75115.711

Sheet Regression
A1: 📈 REGRESSION ANALYSIS
A3: Regression Statistics
A4: Multiple R | B4: 0.77340306
A5: R Square | B5: 0.5981523
A6: Adjusted R Square | B6: 0.59612277
A7: Standard Error | B7: 86.281231
A8: Observations | B8: 200
A10: ANOVA
A11: Source | B11: df | C11: SS | D11: MS | E11: F | F11: Significance F
A12: Regression | B12: 1 | C12: 2194058.2 | D12: 2194058.2 | E12: 294.72398 | F12: 4.6269368e-41
A13: Residual | B13: 198 | C13: 1474001.2 | D13: 7444.4507
A14: Total | B14: 199 | C14: 3668059.4
A16: Coefficients
A17: Term | B17: Coefficients | C17: Standard Error | D17: t Stat | E17: P-value | F17: Lower 95% | G17: Upper 95% | H17: Lower 95.0% | I17: Upper 95.0%
A18: Intercept | B18: -1.0315505 | C18: 20.860617 | D18: -0.049449663 | E18: 0.9606108 | F18: -42.169052 | G18: 40.105951 | H18: -42.169052 | I18: 40.105951
A19: Sales | B19: 0.35085599 | C19: 0.020437189 | D19: 17.167527 | E19: 4.6269368e-41 | F19: 0.3105535 | G19: 0.39115848 | H19: 0.3105535 | I19: 0.39115848
A21: RESIDUAL OUTPUT
A22: Observation | B22: Predicted Profit | C22: Residuals
A23: 1 | B23: 362.48683 | C23: -30.93683
A24: 2 | B24: 385.35913 | C24: 55.150868
A25: 3 | B25: 249.24806 | C25: 36.09194
A26: 4 | B26: 265.9453 | C26: -104.2453
A27: 5 | B27: 296.14347 | C27: -25.103472
A28: 6 | B28: 337.76903 | C28: -33.589026
A29: 7 | B29: 461.23174 | C29: -148.32174
A30: 8 | B30: 375.95268 | C30: -75.102683
A31: 9 | B31: 174.93676 | C31: 15.653238
A32: 10 | B32: 257.65808 | C32: 92.561922
A33: 11 | B33: 550.80176 | C33: 121.57824
A34: 12 | B34: 470.21365 | C34: -13.553653
... A222: 200 | B222: 324.67508 | C222: 116.27492

Sheet Descriptive Stats
A1: 📊 DESCRIPTIVE STATISTICS
A3: Statistics | B3: Sales | C3: Quantity | D3: Discount | E3: Profit
A4: Mean | B4: 976.0888 | C4: 9.995 | D4: 0.09725 | E4: 341.43505
A5: Standard Error | B5: 21.16185 | C5: 0.39927683 | D5: 0.0051142414 | E5: 9.6001196
A6: Median | B6: 976.72 | C6: 10 | D6: 0.1 | E6: 332.255
A7: Mode | B7: N/A | C7: 8 | D7: 0.2 | E7: N/A
A8: Standard Deviation | B8: 299.27376 | C8: 5.646627 | D8: 0.072326295 | E8: 135.76619
A9: Sample Variance | B9: 89564.783 | C9: 31.884397 | D9: 0.005231093 | E9: 18432.459
A10: Kurtosis | B10: -0.088595232 | C10: -1.2091054 | D10: -1.3257012 | E10: 0.26450644
A11: Skewness | B11: 0.14685797 | C11: 0.060845864 | D11: 0.096827386 | E11: 0.57339636
A12: Range | B12: 1665.15 | C12: 18 | D12: 0.2 | E12: 704.83
A13: Minimum | B13: 258.51 | C13: 1 | D13: 0 | E13: 64.63
A14: Maximum | B14: 1923.66 | C14: 19 | D14: 0.2 | E14: 769.46
A15: Sum | B15: 195217.76 | C15: 1999 | D15: 19.45 | E15: 68287.01
A16: Count | B16: 200 | C16: 200 | D16: 200 | E16: 200

Sheet Monthly Sales
A1: 📅 MONTHLY SALES GROWTH
A3: Month | B3: Total Sales | C3: Growth % | D3: Trend
A4: =DATE(YEAR(MIN(Dataset_Clean!$H$2:$H$201)),MONTH(MIN(Dataset_Clean!$H$2:$H$201)),1) -> 45383 | B4: =SUMIFS(Dataset_Clean!$E$2:$E$201,Dataset_Clean!$H$2:$H$201,">="&A4,Dataset_Clean!$H$2:$H$201,"<"&EDATE(A4,1)) -> 19029.96 | C4: N/A | D4: N/A
A5: =EDATE(A4,1) -> 45413 | B5: =SUMIFS(Dataset_Clean!$E$2:$E$201,Dataset_Clean!$H$2:$H$201,">="&A5,Dataset_Clean!$H$2:$H$201,"<"&EDATE(A5,1)) -> 18507.34 | C5: =(B5-B4)/B4 -> -0.027463011 | D5: =IF(C5>0,"↑",IF(C5<0,"↓","→")) -> ↓
A6: =EDATE(A5,1) -> 45444 | B6: =SUMIFS(Dataset_Clean!$E$2:$E$201,Dataset_Clean!$H$2:$H$201,">="&A6,Dataset_Clean!$H$2:$H$201,"<"&EDATE(A6,1)) -> 20187.51 | C6: =(B6-B5)/B5 -> 0.090783981 | D6: =IF(C6>0,"↑",IF(C6<0,"↓","→")) -> ↑
A7: =EDATE(A6,1) -> 45474 | B7: =SUMIFS(Dataset_Clean!$E$2:$E$201,Dataset_Clean!$H$2:$H$201,">="&A7,Dataset_Clean!$H$2:$H$201,"<"&EDATE(A7,1)) -> 11609.04 | C7: =(B7-B6)/B6 -> -0.42493948 | D7: =IF(C7>0,"↑",IF(C7<0,"↓","→")) -> ↓
A8: =EDATE(A7,1) -> 45505 | B8: =SUMIFS(Dataset_Clean!$E$2:$E$201,Dataset_Clean!$H$2:$H$201,">="&A8,Dataset_Clean!$H$2:$H$201,"<"&EDATE(A8,1)) -> 10091.7 | C8: =(B8-B7)/B7 -> -0.13070331 | D8: =IF(C8>0,"↑",IF(C8<0,"↓","→")) -> ↓
A9: =EDATE(A8,1) -> 45536 | B9: =SUMIFS(Dataset_Clean!$E$2:$E$201,Dataset_Clean!$H$2:$H$201,">="&A9,Dataset_Clean!$H$2:$H$201,"<"&EDATE(A9,1)) -> 20533.5 | C9: =(B9-B8)/B8 -> 1.0346919 | D9: =IF(C9>0,"↑",IF(C9<0,"↓","→")) -> ↑
A10: =EDATE(A9,1) -> 45566 | B10: =SUMIFS(Dataset_Clean!$E$2:$E$201,Dataset_Clean!$H$2:$H$201,">="&A10,Dataset_Clean!$H$2:$H$201,"<"&EDATE(A10,1)) -> 14215.24 | C10: =(B10-B9)/B9 -> -0.30770497 | D10: =IF(C10>0,"↑",IF(C10<0,"↓","→")) -> ↓
A11: =EDATE(A10,1) -> 45597 | B11: =SUMIFS(Dataset_Clean!$E$2:$E$201,Dataset_Clean!$H$2:$H$201,">="&A11,Dataset_Clean!$H$2:$H$201,"<"&EDATE(A11,1)) -> 20135.03 | C11: =(B11-B10)/B10 -> 0.41643968 | D11: =IF(C11>0,"↑",IF(C11<0,"↓","→")) -> ↑
A12: =EDATE(A11,1) -> 45627 | B12: =SUMIFS(Dataset_Clean!$E$2:$E$201,Dataset_Clean!$H$2:$H$201,">="&A12,Dataset_Clean!$H$2:$H$201,"<"&EDATE(A12,1)) -> 11120.04 | C12: =(B12-B11)/B11 -> -0.44772667 | D12: =IF(C12>0,"↑",IF(C12<0,"↓","→")) -> ↓
A13: =EDATE(A12,1) -> 45658 | B13: =SUMIFS(Dataset_Clean!$E$2:$E$201,Dataset_Clean!$H$2:$H$201,">="&A13,Dataset_Clean!$H$2:$H$201,"<"&EDATE(A13,1)) -> 14914.65 | C13: =(B13-B12)/B12 -> 0.34124068 | D13: =IF(C13>0,"↑",IF(C13<0,"↓","→")) -> ↑
A14: =EDATE(A13,1) -> 45689 | B14: =SUMIFS(Dataset_Clean!$E$2:$E$201,Dataset_Clean!$H$2:$H$201,">="&A14,Dataset_Clean!$H$2:$H$201,"<"&EDATE(A14,1)) -> 14006.36 | C14: =(B14-B13)/B13 -> -0.060899183 | D14: =IF(C14>0,"↑",IF(C14<0,"↓","→")) -> ↓
A15: =EDATE(A14,1) -> 45717 | B15: =SUMIFS(Dataset_Clean!$E$2:$E$201,Dataset_Clean!$H$2:$H$201,">="&A15,Dataset_Clean!$H$2:$H$201,"<"&EDATE(A15,1)) -> 17655.22 | C15: =(B15-B14)/B14 -> 0.26051451 | D15: =IF(C15>0,"↑",IF(C15<0,"↓","→")) -> ↑
A16: =EDATE(A15,1) -> 45748 | B16: =SUMIFS(Dataset_Clean!$E$2:$E$201,Dataset_Clean!$H$2:$H$201,">="&A16,Dataset_Clean!$H$2:$H$201,"<"&EDATE(A16,1)) -> 3212.17 | C16: =(B16-B15)/B15 -> -0.81806117 | D16: =IF(C16>0,"↑",IF(C16<0,"↓","→")) -> ↓

Sheet Pivot Analysis
A1: 📊 PIVOT ANALYSIS
A5: Sum of Sales | B5: Category
A6: Region | B6: Books | C6: Clothing | D6: Electronics | E6: Furniture | F6: Office Supplies | G6: Grand Total
A7: Central | B7: 11297.15 | C7: 12200.26 | D7: 6621.24 | E7: 4876.96 | F7: 8472.72 | G7: 43468.33
A8: East | B8: 11389.09 | C8: 2401.45 | D8: 2869.54 | E8: 7592.34 | F8: 8189.22 | G8: 32441.64
A9: North | B9: 8037.01 | C9: 8422.82 | D9: 8191.71 | E9: 6978.08 | F9: 3345.8 | G9: 34975.42
A10: South | B10: 9588.04 | C10: 8393.63 | D10: 11989.07 | E10: 7982.73 | F10: 2295.32 | G10: 40248.79
A11: West | B11: 6691.17 | C11: 10509.43 | D11: 11372.44 | E11: 9182.78 | F11: 6327.76 | G11: 44083.58
A12: Grand Total | B12: 47002.46 | C12: 41927.59 | D12: 41044 | E12: 36612.89 | F12: 28630.82 | G12: 195217.76
A24: Region | B24: Sum of Sales | D24: Product Category | E24: Sum of Sales
A25: Central | B25: 43468.33 | D25: Books | E25: 47002.46
A26: East | B26: 32441.64 | D26: Clothing | E26: 41927.59
A27: North | B27: 34975.42 | D27: Electronics | E27: 41044
A28: South | B28: 40248.79 | D28: Furniture | E28: 36612.89
A29: West | B29: 44083.58 | D29: Office Supplies | E29: 28630.82
A30: Grand Total | B30: 195217.76 | D30: Grand Total | E30: 195217.76

Sheet Dashboard
B2: 📊 SALES & BUSINESS ANALYTICS DASHBOARD | AE2: Customer ID | AF2: Total Sales
AE3: =INDEX('Customer Analysis'!$A$2:$A$31,MATCH(ROW(A1),'Customer Analysis'!$F$2:$F$31,0)) -> CUST015 | AF3: =INDEX('Customer Analysis'!$B$2:$B$31,MATCH(ROW(A1),'Customer Analysis'!$F$2:$F$31,0)) -> 11611.06
AE4: =INDEX('Customer Analysis'!$A$2:$A$31,MATCH(ROW(A2),'Customer Analysis'!$F$2:$F$31,0)) -> CUST028 | AF4: =INDEX('Customer Analysis'!$B$2:$B$31,MATCH(ROW(A2),'Customer Analysis'!$F$2:$F$31,0)) -> 10293.87
B5: Sales Performance | Customer Insight | Regional & Product Analysis | AE5: =INDEX('Customer Analysis'!$A$2:$A$31,MATCH(ROW(A3),'Customer Analysis'!$F$2:$F$31,0)) -> CUST007 | AF5: =INDEX('Customer Analysis'!$B$2:$B$31,MATCH(ROW(A3),'Customer Analysis'!$F$2:$F$31,0)) -> 9941.88
AE6: =INDEX('Customer Analysis'!$A$2:$A$31,MATCH(ROW(A4),'Customer Analysis'!$F$2:$F$31,0)) -> CUST008 | AF6: =INDEX('Customer Analysis'!$B$2:$B$31,MATCH(ROW(A4),'Customer Analysis'!$F$2:$F$31,0)) -> 9760.8
C7: 💰 TOTAL SALES | G7: 📈 TOTAL PROFIT | K7: 📦 TOTAL QUANTITY | O7: 🧾 TOTAL ORDERS | AE7: =INDEX('Customer Analysis'!$A$2:$A$31,MATCH(ROW(A5),'Customer Analysis'!$F$2:$F$31,0)) -> CUST026 | AF7: =INDEX('Customer Analysis'!$B$2:$B$31,MATCH(ROW(A5),'Customer Analysis'!$F$2:$F$31,0)) -> 9371.81
C8: =SUM(Dataset_Clean!E2:E201) -> 195217.76 | G8: =SUM(Dataset_Clean!I2:I201) -> 68287.01 | K8: =SUM(Dataset_Clean!F2:F201) -> 1999 | O8: =COUNTA(Dataset_Clean!A2:A201) -> 200 | AE8: =INDEX('Customer Analysis'!$A$2:$A$31,MATCH(ROW(A6),'Customer Analysis'!$F$2:$F$31,0)) -> CUST021 | AF8: =INDEX('Customer Analysis'!$B$2:$B$31,MATCH(ROW(A6),'Customer Analysis'!$F$2:$F$31,0)) -> 8740.18
AE9: =INDEX('Customer Analysis'!$A$2:$A$31,MATCH(ROW(A7),'Customer Analysis'!$F$2:$F$31,0)) -> CUST003 | AF9: =INDEX('Customer Analysis'!$B$2:$B$31,MATCH(ROW(A7),'Customer Analysis'!$F$2:$F$31,0)) -> 8490.18
AE10: =INDEX('Customer Analysis'!$A$2:$A$31,MATCH(ROW(A8),'Customer Analysis'!$F$2:$F$31,0)) -> CUST012 | AF10: =INDEX('Customer Analysis'!$B$2:$B$31,MATCH(ROW(A8),'Customer Analysis'!$F$2:$F$31,0)) -> 8339
AE11: =INDEX('Customer Analysis'!$A$2:$A$31,MATCH(ROW(A9),'Customer Analysis'!$F$2:$F$31,0)) -> CUST030 | AF11: =INDEX('Customer Analysis'!$B$2:$B$31,MATCH(ROW(A9),'Customer Analysis'!$F$2:$F$31,0)) -> 7928.71
AE12: =INDEX('Customer Analysis'!$A$2:$A$31,MATCH(ROW(A10),'Customer Analysis'!$F$2:$F$31,0)) -> CUST004 | AF12: =INDEX('Customer Analysis'!$B$2:$B$31,MATCH(ROW(A10),'Customer Analysis'!$F$2:$F$31,0)) -> 7813.59
B40: Excel Data Analytics Project | Sales & Customer Performance Analysis
